Name,Image Location
Blank,https://assets.datacore.app/crew_icons_cm_empty_icon.png?raw=true
UFP President Ra-ghoratreii,https://assets.datacore.app/crew_icons_cm_federation_president_icon.png?raw=true
Investigator Odo,https://assets.datacore.app/crew_icons_cm_odooccupation_icon.png?raw=true
Constable Odo,https://assets.datacore.app/crew_icons_cm_odostandard_icon.png?raw=true
Jazz Musician Odo,https://assets.datacore.app/crew_icons_cm_odotux_icon.png?raw=true
Trader Odo,https://assets.datacore.app/crew_icons_cm_odo_tos_icon.png?raw=true
Umpire Odo,https://assets.datacore.app/crew_icons_cm_odoumpire_icon.png?raw=true
Stranded Odo,https://assets.datacore.app/crew_icons_cm_odo_cold_weather_icon.png?raw=true
Zhianâ€™tara Odo,https://assets.datacore.app/crew_icons_cm_odo_curzon_icon.png?raw=true
Gaia Odo,https://assets.datacore.app/crew_icons_cm_odo_future_icon.png?raw=true
Army Chaplain Odo,https://assets.datacore.app/crew_icons_cm_odo_chaplain_icon.png?raw=true
Douglas Pabst,https://assets.datacore.app/crew_icons_cm_odo_pabst_icon.png?raw=true
Helmsman Wyatt,https://assets.datacore.app/crew_icons_cm_defiant_helmsman_icon.png?raw=true
Mirror Shukar,https://assets.datacore.app/crew_icons_cm_shukar_icon.png?raw=true
Dabo Girl Leeta,https://assets.datacore.app/crew_icons_cm_leetadabo_icon.png?raw=true
Mirror Leeta,https://assets.datacore.app/crew_icons_cm_leeta_mirror_icon.png?raw=true
Bartender Guinan,https://assets.datacore.app/crew_icons_cm_guinan_mixologist_icon.png?raw=true
Fierce Guinan,https://assets.datacore.app/crew_icons_cm_guinan_fierce_icon.png?raw=true
Gloria,https://assets.datacore.app/crew_icons_cm_guinan_gloria_icon.png?raw=true
Nexus Guinan,https://assets.datacore.app/crew_icons_cm_guinan_nexus_icon.png?raw=true
Danara Pel,https://assets.datacore.app/crew_icons_cm_danarapel_icon.png?raw=true
Miranda Jones,https://assets.datacore.app/crew_icons_cm_miranda_jones_icon.png?raw=true
Keyla Detmer,https://assets.datacore.app/crew_icons_cm_detmer_keyla_icon.png?raw=true
Navaar,https://assets.datacore.app/crew_icons_cm_navaar_icon.png?raw=true
Rianna Mayweather,https://assets.datacore.app/crew_icons_cm_riannamayweather_icon.png?raw=true
Martia,https://assets.datacore.app/crew_icons_cm_martia_icon.png?raw=true
Captain Klaa,https://assets.datacore.app/crew_icons_cm_klaa_icon.png?raw=true
Dr. Toby Russell,https://assets.datacore.app/crew_icons_cm_tobyrussellscrubs_icon.png?raw=true
Subcommander T'Rul,https://assets.datacore.app/crew_icons_cm_trulsubcommander_icon.png?raw=true
Ensign Ro,https://assets.datacore.app/crew_icons_cm_roensign_icon.png?raw=true
Maquis Ro Laren,https://assets.datacore.app/crew_icons_cm_ro_maquis_icon.png?raw=true
Shinzon,https://assets.datacore.app/crew_icons_cm_shinzon_icon.png?raw=true
Will Riker,https://assets.datacore.app/crew_icons_cm_rikers1_icon.png?raw=true
Lt. Thomas Riker,https://assets.datacore.app/crew_icons_cm_rikerdirty_icon.png?raw=true
Commander Riker,https://assets.datacore.app/crew_icons_cm_rikerpoker_icon.png?raw=true
Admiral Riker,https://assets.datacore.app/crew_icons_cm_rikeradmiral_icon.png?raw=true
Angel I Riker,https://assets.datacore.app/crew_icons_cm_riker_angel_one_icon.png?raw=true
Jazz Musician Riker,https://assets.datacore.app/crew_icons_cm_rikertrombone_icon.png?raw=true
Augment Riker,https://assets.datacore.app/crew_icons_cm_riker_augment_icon.png?raw=true
Age of Sail Riker,https://assets.datacore.app/crew_icons_cm_riker_age_of_sail_icon.png?raw=true
First Officer Riker,https://assets.datacore.app/crew_icons_cm_riker_nemesis_icon.png?raw=true
Mintakan Riker,https://assets.datacore.app/crew_icons_cm_riker_mintakan_icon.png?raw=true
Anbo-jyutsu Riker,https://assets.datacore.app/crew_icons_cm_riker_anbo_icon.png?raw=true
Chef Riker,https://assets.datacore.app/crew_icons_cm_riker_chef_icon.png?raw=true
Desperate Riker,https://assets.datacore.app/crew_icons_cm_riker_desperate_icon.png?raw=true
Riker Q,https://assets.datacore.app/crew_icons_cm_riker_q_icon.png?raw=true
Protomorphosis Riker,https://assets.datacore.app/crew_icons_cm_riker_caveman_icon.png?raw=true
Captain Morgan Bateson,https://assets.datacore.app/crew_icons_cm_bateson_icon.png?raw=true
Loken,https://assets.datacore.app/crew_icons_cm_loken_icon.png?raw=true
Edith Keeler,https://assets.datacore.app/crew_icons_cm_edithkeeler_icon.png?raw=true
Ensign Tuvok,https://assets.datacore.app/crew_icons_cm_tuvokensign_icon.png?raw=true
Security Chief Tuvok,https://assets.datacore.app/crew_icons_cm_tuvokrifle_icon.png?raw=true
Disguised Tuvok,https://assets.datacore.app/crew_icons_cm_tuvok20c_icon.png?raw=true
Assimilated Tuvok,https://assets.datacore.app/crew_icons_cm_tuvok_assimilated_icon.png?raw=true
Maquis Tuvok,https://assets.datacore.app/crew_icons_cm_tuvok_maquis_icon.png?raw=true
Warship Tuvok,https://assets.datacore.app/crew_icons_cm_tuvok_warship_icon.png?raw=true
Bartender Tuvok,https://assets.datacore.app/crew_icons_cm_tuvok_tuxedo_icon.png?raw=true
Resilient Tuvok,https://assets.datacore.app/crew_icons_cm_tuvok_blind_icon.png?raw=true
Major Kira,https://assets.datacore.app/crew_icons_cm_kirashorthair_icon.png?raw=true
Mirror Intendant Kira,https://assets.datacore.app/crew_icons_cm_kiraintendant_icon.png?raw=true
Disguised Kira,https://assets.datacore.app/crew_icons_cm_kiradisguised_icon.png?raw=true
Cardassian Kira,https://assets.datacore.app/crew_icons_cm_kiracardassian_icon.png?raw=true
Niners Kira Nerys,https://assets.datacore.app/crew_icons_cm_kira_niners_icon.png?raw=true
Anastasia Komananov,https://assets.datacore.app/crew_icons_cm_kira_anastasia_icon.png?raw=true
Commander Kira Nerys,https://assets.datacore.app/crew_icons_cm_kira_commander_icon.png?raw=true
Queen Guinevere Kira,https://assets.datacore.app/crew_icons_cm_kira_camelot_icon.png?raw=true
Decoy Kira,https://assets.datacore.app/crew_icons_cm_kira_decoy_icon.png?raw=true
Security Chief Worf,https://assets.datacore.app/crew_icons_cm_worf_icon.png?raw=true
Defiant Commander Worf,https://assets.datacore.app/crew_icons_cm_worfdefiant_icon.png?raw=true
Civil War Worf,https://assets.datacore.app/crew_icons_cm_worfkdf_icon.png?raw=true
Mirror Regent Worf,https://assets.datacore.app/crew_icons_cm_worfmirror_icon.png?raw=true
Will Scarlett,https://assets.datacore.app/crew_icons_cm_willscarletworf_icon.png?raw=true
Ba'ku Worf,https://assets.datacore.app/crew_icons_cm_worf_insurrection_icon.png?raw=true
Duchamps,https://assets.datacore.app/crew_icons_cm_worf_duchamps_icon.png?raw=true
Sheriff Worf,https://assets.datacore.app/crew_icons_cm_worf_cowboy_icon.png?raw=true
Protomorphosis Worf,https://assets.datacore.app/crew_icons_cm_worf_genesis_icon.png?raw=true
Trader Worf,https://assets.datacore.app/crew_icons_cm_worf_trader_icon.png?raw=true
Colonel Worf,https://assets.datacore.app/crew_icons_cm_worf_colonel_icon.png?raw=true
Niners Worf,https://assets.datacore.app/crew_icons_cm_worf_niners_icon.png?raw=true
Governor Worf,https://assets.datacore.app/crew_icons_cm_worf_future_icon.png?raw=true
Ambassador Fox,https://assets.datacore.app/crew_icons_cm_robertfox_icon.png?raw=true
Lieutenant Commander Saru,https://assets.datacore.app/crew_icons_cm_dsc_saru_lieutenant_icon.png?raw=true
First Officer Saru,https://assets.datacore.app/crew_icons_cm_saru_science_officer_icon.png?raw=true
Away Team Saru,https://assets.datacore.app/crew_icons_cm_saru_away_team_icon.png?raw=true
Kaminar Saru,https://assets.datacore.app/crew_icons_cm_saru_kelpien_icon.png?raw=true
Yeoman Rand,https://assets.datacore.app/crew_icons_cm_randyeoman_icon.png?raw=true
The Duras Sisters,https://assets.datacore.app/crew_icons_cm_duras_sisters_icon.png?raw=true
Kilana,https://assets.datacore.app/crew_icons_cm_kilana_icon.png?raw=true
Surak,https://assets.datacore.app/crew_icons_cm_surak_icon.png?raw=true
Ikat'ika,https://assets.datacore.app/crew_icons_cm_ikatika_icon.png?raw=true
Persis,https://assets.datacore.app/crew_icons_cm_persis_icon.png?raw=true
Holodeck 3 Dr. Brahms,https://assets.datacore.app/crew_icons_cm_leah_brahms_icon.png?raw=true
Leah Brahms,https://assets.datacore.app/crew_icons_cm_brahms_leah_icon.png?raw=true
Profitable Ishka,https://assets.datacore.app/crew_icons_cm_ishka_latinum_icon.png?raw=true
Telek R'Mor,https://assets.datacore.app/crew_icons_cm_telekrmor_icon.png?raw=true
Five of Twelve,https://assets.datacore.app/crew_icons_cm_five_of_twelve_icon.png?raw=true
Roga Danar,https://assets.datacore.app/crew_icons_cm_roga_danar_icon.png?raw=true
Captain Rachel Garrett,https://assets.datacore.app/crew_icons_cm_rachel_garret_icon.png?raw=true
KDF Gowron,https://assets.datacore.app/crew_icons_cm_gowronyoung_icon.png?raw=true
Chancellor Gowron,https://assets.datacore.app/crew_icons_cm_gowronchancellor_icon.png?raw=true
Sphere-Builder Presage,https://assets.datacore.app/crew_icons_cm_sphere_builder_presage_icon.png?raw=true
Covert Operative Leland,https://assets.datacore.app/crew_icons_cm_dsc_leland_sec31_icon.png?raw=true
Third Remata'Klan,https://assets.datacore.app/crew_icons_cm_remataklan_icon.png?raw=true
Mora Pol,https://assets.datacore.app/crew_icons_cm_morapol_icon.png?raw=true
T'Mir,https://assets.datacore.app/crew_icons_cm_tmir_icon.png?raw=true
Pel,https://assets.datacore.app/crew_icons_cm_pel_icon.png?raw=true
Commander Kor,https://assets.datacore.app/crew_icons_cm_kor_icon.png?raw=true
Dahar Master Kor,https://assets.datacore.app/crew_icons_cm_kor_daharmaster_icon.png?raw=true
Dr. David Marcus,https://assets.datacore.app/crew_icons_cm_davidmarcus_icon.png?raw=true
Gralik Durr,https://assets.datacore.app/crew_icons_cm_gralikdurr_icon.png?raw=true
Commander Tomalak,https://assets.datacore.app/crew_icons_cm_tomalak_icon.png?raw=true
White Rabbit,https://assets.datacore.app/crew_icons_cm_white_rabbit_icon.png?raw=true
Vengeful L'Rell,https://assets.datacore.app/crew_icons_cm_lrell_icon.png?raw=true
Chancellor L'Rell,https://assets.datacore.app/crew_icons_cm_dsc_lrell_chancellor_icon.png?raw=true
L'Rell,https://assets.datacore.app/crew_icons_cm_lrell_bow_icon.png?raw=true
Ensign Chapel,https://assets.datacore.app/crew_icons_cm_chapelensign_icon.png?raw=true
Doctor Chapel,https://assets.datacore.app/crew_icons_cm_chapeldoctor_icon.png?raw=true
Commander Chapel,https://assets.datacore.app/crew_icons_cm_chapel_commander_icon.png?raw=true
Acting Captain Jellico,https://assets.datacore.app/crew_icons_cm_jellico_acting_icon.png?raw=true
Thrax,https://assets.datacore.app/crew_icons_cm_thrax_icon.png?raw=true
Aleek-Om,https://assets.datacore.app/crew_icons_cm_aleek_om_icon.png?raw=true
Ensign Ogawa,https://assets.datacore.app/crew_icons_cm_ogawaensign_icon.png?raw=true
CMO Ogawa,https://assets.datacore.app/crew_icons_cm_ogawacoat_icon.png?raw=true
Wesley Crusher,https://assets.datacore.app/crew_icons_cm_wesleysweater_icon.png?raw=true
Ensign Crusher,https://assets.datacore.app/crew_icons_cm_wesley_icon.png?raw=true
Acting Ensign Crusher,https://assets.datacore.app/crew_icons_cm_wesleyensign_icon.png?raw=true
Formal Dress Wesley Crusher,https://assets.datacore.app/crew_icons_cm_wesleydressuniform_icon.png?raw=true
Lieutenant Wesley Crusher,https://assets.datacore.app/crew_icons_cm_wesleylieutenant_icon.png?raw=true
Cadet Wesley Crusher,https://assets.datacore.app/crew_icons_cm_wesley_crusher_cadet_icon.png?raw=true
One,https://assets.datacore.app/crew_icons_cm_one_icon.png?raw=true
Wrathful Khan,https://assets.datacore.app/crew_icons_cm_khan_icon.png?raw=true
Young Khan,https://assets.datacore.app/crew_icons_cm_khanyoung_icon.png?raw=true
Starfleet Uniform Khan,https://assets.datacore.app/crew_icons_cm_khan_commander_icon.png?raw=true
The Traveler,https://assets.datacore.app/crew_icons_cm_traveler_icon.png?raw=true
Amelia Earhart,https://assets.datacore.app/crew_icons_cm_earhart_icon.png?raw=true
Tailor Garak,https://assets.datacore.app/crew_icons_cm_garaktailor_icon.png?raw=true
Mirror Garak,https://assets.datacore.app/crew_icons_cm_garakmirror_icon.png?raw=true
Obsidian Order Garak,https://assets.datacore.app/crew_icons_cm_garakobsidian_icon.png?raw=true
"Garak, Elim Garak",https://assets.datacore.app/crew_icons_cm_garak_secretagent_icon.png?raw=true
Saboteur Garak,https://assets.datacore.app/crew_icons_cm_garak_saboteur_icon.png?raw=true
Bartender Quark,https://assets.datacore.app/crew_icons_cm_quarkbartender_icon.png?raw=true
Klingon Quark,https://assets.datacore.app/crew_icons_cm_quarkklingon_icon.png?raw=true
Tourist Quark,https://assets.datacore.app/crew_icons_cm_quark_jamaharon_icon.png?raw=true
Convergence Day Quark,https://assets.datacore.app/crew_icons_cm_quarkfestive_icon.png?raw=true
Martian Quark,https://assets.datacore.app/crew_icons_cm_quark_martian_icon.png?raw=true
Herbert Rossoff,https://assets.datacore.app/crew_icons_cm_quark_rossoff_icon.png?raw=true
Wedding Day Quark,https://assets.datacore.app/crew_icons_cm_quark_wedding_day_icon.png?raw=true
Stranded Quark,https://assets.datacore.app/crew_icons_cm_quark_stranded_icon.png?raw=true
Jannar,https://assets.datacore.app/crew_icons_cm_jannar_icon.png?raw=true
Zero One,https://assets.datacore.app/crew_icons_cm_bynar_01_icon.png?raw=true
One Zero,https://assets.datacore.app/crew_icons_cm_bynar_10_icon.png?raw=true
One Zero Zero One,https://assets.datacore.app/crew_icons_cm_bynar_1001_icon.png?raw=true
Richard Castillo,https://assets.datacore.app/crew_icons_cm_richardcastillo_icon.png?raw=true
The Clown,https://assets.datacore.app/crew_icons_cm_clown_icon.png?raw=true
Fennim,https://assets.datacore.app/crew_icons_cm_fennim_icon.png?raw=true
Commodore Matt Decker,https://assets.datacore.app/crew_icons_cm_matt_decker_icon.png?raw=true
Joseph Sisko,https://assets.datacore.app/crew_icons_cm_joseph_chef_icon.png?raw=true
Writer Jake Sisko,https://assets.datacore.app/crew_icons_cm_jakewriter_icon.png?raw=true
Bestselling Author Jake Sisko,https://assets.datacore.app/crew_icons_cm_jake_old_author_icon.png?raw=true
War Correspondent Jake Sisko,https://assets.datacore.app/crew_icons_cm_jake_warcorrespondent_icon.png?raw=true
Forra Gegen,https://assets.datacore.app/crew_icons_cm_forragegen_icon.png?raw=true
Cadet Sylvia Tilly,https://assets.datacore.app/crew_icons_cm_tilly_icon.png?raw=true
Captain Killy,https://assets.datacore.app/crew_icons_cm_tilly_mirror_icon.png?raw=true
Off-Duty Tilly,https://assets.datacore.app/crew_icons_cm_tilly_off_duty_icon.png?raw=true
Automated Unit 3947,https://assets.datacore.app/crew_icons_cm_automatedunit3947_icon.png?raw=true
Captain John Harriman,https://assets.datacore.app/crew_icons_cm_harriman_icon.png?raw=true
CMO Crusher,https://assets.datacore.app/crew_icons_cm_crusherwithlabcoat_icon.png?raw=true
Commando Crusher,https://assets.datacore.app/crew_icons_cm_crusherblackcommandouniform_icon.png?raw=true
Dr Crusher,https://assets.datacore.app/crew_icons_cm_crusherfromfirstcontact_icon.png?raw=true
Age of Sail Crusher,https://assets.datacore.app/crew_icons_cm_crushersail_icon.png?raw=true
Doc Crusher,https://assets.datacore.app/crew_icons_cm_crusher_dixonhill_icon.png?raw=true
Mirror Beverly Crusher,https://assets.datacore.app/crew_icons_cm_crusher_mirror_icon.png?raw=true
Captain Beverly Picard,https://assets.datacore.app/crew_icons_cm_crusher_captain_icon.png?raw=true
Merry Men Crusher,https://assets.datacore.app/crew_icons_cm_crusher_merrymen_icon.png?raw=true
Lady Beverly,https://assets.datacore.app/crew_icons_cm_lady_beverly_icon.png?raw=true
Fesek,https://assets.datacore.app/crew_icons_cm_fesekvoy_icon.png?raw=true
Holonovel Doctor,https://assets.datacore.app/crew_icons_cm_doctorgolfclub_icon.png?raw=true
Mobile Doctor,https://assets.datacore.app/crew_icons_cm_emhmobile_icon.png?raw=true
Command Hologram,https://assets.datacore.app/crew_icons_cm_ech_icon.png?raw=true
Emergency Medical Holoprogram Mk.1,https://assets.datacore.app/crew_icons_cm_emh_mk1_icon.png?raw=true
The President of Earth,https://assets.datacore.app/crew_icons_cm_emh_president_icon.png?raw=true
Author Doctor,https://assets.datacore.app/crew_icons_cm_emh_writer_icon.png?raw=true
Virtuoso Doctor,https://assets.datacore.app/crew_icons_cm_emh_virtuoso_icon.png?raw=true
Warship EMA,https://assets.datacore.app/crew_icons_cm_emh_android_icon.png?raw=true
Redjac Jaris,https://assets.datacore.app/crew_icons_cm_jaris_redjac_icon.png?raw=true
Timekeeper Tenavik,https://assets.datacore.app/crew_icons_cm_tenavik_timekeeper_icon.png?raw=true
Lieutenant Arex Na Eth,https://assets.datacore.app/crew_icons_cm_arex_animated_crew_icon.png?raw=true
Michael Sullivan,https://assets.datacore.app/crew_icons_cm_sullivan_michael_icon.png?raw=true
Species 8472 Invader,https://assets.datacore.app/crew_icons_cm_species_8472_icon.png?raw=true
Commodore Robert April,https://assets.datacore.app/crew_icons_cm_april_commodore_icon.png?raw=true
Maquis Eddington,https://assets.datacore.app/crew_icons_cm_eddington_icon.png?raw=true
Vargas,https://assets.datacore.app/crew_icons_cm_vargus_icon.png?raw=true
Comm Officer Uhura,https://assets.datacore.app/crew_icons_cm_uhurared_icon.png?raw=true
Commander Uhura,https://assets.datacore.app/crew_icons_cm_uhurastiv_icon.png?raw=true
Mirror Uhura,https://assets.datacore.app/crew_icons_cm_mirroruhura_icon.png?raw=true
Nyota Uhura,https://assets.datacore.app/crew_icons_cm_uhurawrathofkhan_icon.png?raw=true
Dancing Uhura,https://assets.datacore.app/crew_icons_cm_uhura_dancing_icon.png?raw=true
Gunslinger Uhura,https://assets.datacore.app/crew_icons_cm_uhura_six_shooter_icon.png?raw=true
Lt. Commander Uhura,https://assets.datacore.app/crew_icons_cm_uhura_lt_icon.png?raw=true
Yarnek,https://assets.datacore.app/crew_icons_cm_yarnek_icon.png?raw=true
Tholian Prisoner,https://assets.datacore.app/crew_icons_cm_tholian_prisoner_icon.png?raw=true
First Maje Culluh,https://assets.datacore.app/crew_icons_cm_jalculluh_icon.png?raw=true
Zahl Ambassador,https://assets.datacore.app/crew_icons_cm_zahl_ambassador_icon.png?raw=true
Buck Bokai,https://assets.datacore.app/crew_icons_cm_buck_bokai_icon.png?raw=true
KDF Alexander,https://assets.datacore.app/crew_icons_cm_alexanderkdf_icon.png?raw=true
K'mtar,https://assets.datacore.app/crew_icons_cm_alexander_kmtar_icon.png?raw=true
Sergey and Helena Rozhenko,https://assets.datacore.app/crew_icons_cm_rozhenkos_parents_icon.png?raw=true
Commando Shran,https://assets.datacore.app/crew_icons_cm_shrancommando_icon.png?raw=true
Ushaan Shran,https://assets.datacore.app/crew_icons_cm_shrandueling_icon.png?raw=true
Expedition Shran,https://assets.datacore.app/crew_icons_cm_shran_subzero_icon.png?raw=true
M-113 Creature,https://assets.datacore.app/crew_icons_cm_m113_icon.png?raw=true
Lal,https://assets.datacore.app/crew_icons_cm_lal_icon.png?raw=true
Lt. Sulu,https://assets.datacore.app/crew_icons_cm_suluyellow_icon.png?raw=true
Fencing Sulu,https://assets.datacore.app/crew_icons_cm_sulufencing_icon.png?raw=true
Captain Sulu,https://assets.datacore.app/crew_icons_cm_sulucaptain_icon.png?raw=true
Undercover Sulu,https://assets.datacore.app/crew_icons_cm_sulusfs_icon.png?raw=true
Mirror Sulu,https://assets.datacore.app/crew_icons_cm_sulu_mirror_icon.png?raw=true
Astrosciences Sulu,https://assets.datacore.app/crew_icons_cm_sulu_astrosciences_icon.png?raw=true
Captain Kurn,https://assets.datacore.app/crew_icons_cm_kurnkdf_icon.png?raw=true
Demora Sulu,https://assets.datacore.app/crew_icons_cm_sulu_demora_ensign_icon.png?raw=true
Trelane,https://assets.datacore.app/crew_icons_cm_trelane_icon.png?raw=true
Morn,https://assets.datacore.app/crew_icons_cm_morn_icon.png?raw=true
Vic Fontaine,https://assets.datacore.app/crew_icons_cm_vicfontaine_icon.png?raw=true
Mirror Vic Fontaine,https://assets.datacore.app/crew_icons_cm_vicfontaine_mirror_icon.png?raw=true
Miral Torres,https://assets.datacore.app/crew_icons_cm_miral_icon.png?raw=true
Juliana Tainer,https://assets.datacore.app/crew_icons_cm_tainer_juliana_icon.png?raw=true
General Martok,https://assets.datacore.app/crew_icons_cm_martokgeneral_icon.png?raw=true
23rd Century Martok,https://assets.datacore.app/crew_icons_cm_martok_tos_icon.png?raw=true
Changeling Martok,https://assets.datacore.app/crew_icons_cm_martok_changeling_icon.png?raw=true
Fleet Commander Martok,https://assets.datacore.app/crew_icons_cm_martok_fleet_commander_icon.png?raw=true
Commander Maddox,https://assets.datacore.app/crew_icons_cm_brucemaddox_icon.png?raw=true
Captain Pike,https://assets.datacore.app/crew_icons_cm_pike_captain_icon.png?raw=true
Christopher Pike,https://assets.datacore.app/crew_icons_cm_pike_christopher_icon.png?raw=true
Tribunal Pike,https://assets.datacore.app/crew_icons_cm_pike_disfigured_icon.png?raw=true
New Eden Pike,https://assets.datacore.app/crew_icons_cm_pike_neweden_icon.png?raw=true
Acting Captain Pike,https://assets.datacore.app/crew_icons_cm_pike_acting_icon.png?raw=true
Seven in Blue,https://assets.datacore.app/crew_icons_cm_seven_of_nine_icon.png?raw=true
Temporal Agent Seven,https://assets.datacore.app/crew_icons_cm_seventemporalagent_icon.png?raw=true
Seven of Nine,https://assets.datacore.app/crew_icons_cm_sevenbluegreyshoulders_icon.png?raw=true
Mademoiselle de Neuf,https://assets.datacore.app/crew_icons_cm_sevenwwii_icon.png?raw=true
Drone Seven of Nine,https://assets.datacore.app/crew_icons_cm_sevenofninedrone_icon.png?raw=true
Tsunkatse Seven,https://assets.datacore.app/crew_icons_cm_seven_tsunkatse_icon.png?raw=true
EV Suit Seven of Nine,https://assets.datacore.app/crew_icons_cm_seven_of_nine_ev_icon.png?raw=true
Seven in Silver,https://assets.datacore.app/crew_icons_cm_seven_silver_icon.png?raw=true
Indulgent Seven,https://assets.datacore.app/crew_icons_cm_seven_indulgent_icon.png?raw=true
Indignant Seven,https://assets.datacore.app/crew_icons_cm_seven_indignant_icon.png?raw=true
Amanda Grayson,https://assets.datacore.app/crew_icons_cm_amanda_greyson_icon.png?raw=true
Lt. Ash Tyler,https://assets.datacore.app/crew_icons_cm_tyler_icon.png?raw=true
Celebratory Ash Tyler,https://assets.datacore.app/crew_icons_cm_dsc_tyler_celebration_icon.png?raw=true
"Tyler, Son of None",https://assets.datacore.app/crew_icons_cm_tyler_torchbearer_icon.png?raw=true
B-4,https://assets.datacore.app/crew_icons_cm_b4_icon.png?raw=true
Silik,https://assets.datacore.app/crew_icons_cm_silik_icon.png?raw=true
Laas,https://assets.datacore.app/crew_icons_cm_laas_icon.png?raw=true
Captain Braxton,https://assets.datacore.app/crew_icons_cm_braxton_captain_icon.png?raw=true
Lt. Commander Jack Crusher,https://assets.datacore.app/crew_icons_cm_jackcrusher_icon.png?raw=true
Donik,https://assets.datacore.app/crew_icons_cm_donik_icon.png?raw=true
Commander Tucker,https://assets.datacore.app/crew_icons_cm_tucker_icon.png?raw=true
Rescuer Tucker,https://assets.datacore.app/crew_icons_cm_tuckerunderpants_icon.png?raw=true
Mirror Tucker,https://assets.datacore.app/crew_icons_cm_tuckermirror_icon.png?raw=true
EV Suit Tucker,https://assets.datacore.app/crew_icons_cm_tuckerev_icon.png?raw=true
North Star Tucker,https://assets.datacore.app/crew_icons_cm_tuckercowboy_icon.png?raw=true
Tucker On-The-Ropes,https://assets.datacore.app/crew_icons_cm_tucker_ropes_icon.png?raw=true
Tourist Tucker,https://assets.datacore.app/crew_icons_cm_tucker_tourist_icon.png?raw=true
Counselor Troi,https://assets.datacore.app/crew_icons_cm_troitng_icon.png?raw=true
Rakal Troi,https://assets.datacore.app/crew_icons_cm_troirakal_icon.png?raw=true
Commander Troi,https://assets.datacore.app/crew_icons_cm_troifirstcontact_icon.png?raw=true
Bridge Officer Troi,https://assets.datacore.app/crew_icons_cm_troicommander_icon.png?raw=true
Deanna Troi,https://assets.datacore.app/crew_icons_cm_troicivilian_icon.png?raw=true
Goddess of Empathy Troi,https://assets.datacore.app/crew_icons_cm_troi_goddess_icon.png?raw=true
Durango Troi,https://assets.datacore.app/crew_icons_cm_troi_cowboy_icon.png?raw=true
Mirror Inquisitor Troi,https://assets.datacore.app/crew_icons_cm_troi_mirror_icon.png?raw=true
Mintakan Troi,https://assets.datacore.app/crew_icons_cm_troi_mintakan_icon.png?raw=true
Assimilated Troi,https://assets.datacore.app/crew_icons_cm_troi_assimilated_icon.png?raw=true
Merry Men Troi,https://assets.datacore.app/crew_icons_cm_troi_merrymen_icon.png?raw=true
Xindi Insectoid Councilor,https://assets.datacore.app/crew_icons_cm_xindi_insectoid_icon.png?raw=true
Vedek Winn Adami,https://assets.datacore.app/crew_icons_cm_winnvedek_icon.png?raw=true
Rogue Kai Winn,https://assets.datacore.app/crew_icons_cm_winnevil_icon.png?raw=true
Subcommander T'Pol,https://assets.datacore.app/crew_icons_cm_tpol_icon.png?raw=true
Commander T'Pol,https://assets.datacore.app/crew_icons_cm_tpolcommander_icon.png?raw=true
Mirror T'Pol,https://assets.datacore.app/crew_icons_cm_tpolmirrortos_icon.png?raw=true
Captain T'Pol,https://assets.datacore.app/crew_icons_cm_tpol_captain_icon.png?raw=true
Science Officer T'Pol,https://assets.datacore.app/crew_icons_cm_tpol_jumpsuit_icon.png?raw=true
Vulcan Wedding T'Pol,https://assets.datacore.app/crew_icons_cm_tpol_wedding_icon.png?raw=true
Alternate Future T'Pol,https://assets.datacore.app/crew_icons_cm_tpol_alternate_future_icon.png?raw=true
Desert T'Pol,https://assets.datacore.app/crew_icons_cm_tpol_desert_icon.png?raw=true
Lieutenant Tarah,https://assets.datacore.app/crew_icons_cm_tarah_lieutenant_icon.png?raw=true
Sybok,https://assets.datacore.app/crew_icons_cm_sybok_icon.png?raw=true
Young T'Pau,https://assets.datacore.app/crew_icons_cm_tpau_young_icon.png?raw=true
Chef Neelix,https://assets.datacore.app/crew_icons_cm_neelix_icon.png?raw=true
Away Team Neelix,https://assets.datacore.app/crew_icons_cm_neelix_away_team_icon.png?raw=true
Ambassador Neelix,https://assets.datacore.app/crew_icons_cm_neelixdiplomat_icon.png?raw=true
Grand Proxy Neelix,https://assets.datacore.app/crew_icons_cm_neelixgrandproxy_icon.png?raw=true
Resistance Neelix,https://assets.datacore.app/crew_icons_cm_neelix_resistance_icon.png?raw=true
Klingon Neelix,https://assets.datacore.app/crew_icons_cm_neelix_klingon_icon.png?raw=true
Tactical Officer Neelix,https://assets.datacore.app/crew_icons_cm_neelix_tactical_icon.png?raw=true
Commander Kang,https://assets.datacore.app/crew_icons_cm_kangtos_icon.png?raw=true
Dahar Master Kang,https://assets.datacore.app/crew_icons_cm_kang_dahar_icon.png?raw=true
Leonardo da Vinci,https://assets.datacore.app/crew_icons_cm_davinci_icon.png?raw=true
Layna,https://assets.datacore.app/crew_icons_cm_layna_icon.png?raw=true
Tash,https://assets.datacore.app/crew_icons_cm_tash_icon.png?raw=true
CMO 'Bones' McCoy,https://assets.datacore.app/crew_icons_cm_mccoy_icon.png?raw=true
Prisoner 'Bones' McCoy,https://assets.datacore.app/crew_icons_cm_mccoyrura_icon.png?raw=true
"""Dark Ages"" McCoy",https://assets.datacore.app/crew_icons_cm_mccoytvh_icon.png?raw=true
Drafted McCoy,https://assets.datacore.app/crew_icons_cm_mccoydrafted_icon.png?raw=true
Katra McCoy,https://assets.datacore.app/crew_icons_cm_mccoy_katra_icon.png?raw=true
Dr. Leonard McCoy,https://assets.datacore.app/crew_icons_cm_mccoy_leonard_icon.png?raw=true
Gladiator McCoy,https://assets.datacore.app/crew_icons_cm_mccoy_gladiator_icon.png?raw=true
Chancellor Gorkon,https://assets.datacore.app/crew_icons_cm_gorkon_icon.png?raw=true
Dr. Hugh Culber,https://assets.datacore.app/crew_icons_cm_hugh_culber_icon.png?raw=true
Lt. Commander Nella Daren,https://assets.datacore.app/crew_icons_cm_nelladoran_icon.png?raw=true
Flotter,https://assets.datacore.app/crew_icons_cm_flotter_icon.png?raw=true
Marla McGivers,https://assets.datacore.app/crew_icons_cm_marla_mcgivers_icon.png?raw=true
Cyrus Redblock,https://assets.datacore.app/crew_icons_cm_cyrus_redblock_icon.png?raw=true
Apollo,https://assets.datacore.app/crew_icons_cm_apollo_icon.png?raw=true
Dr. Gillian Taylor,https://assets.datacore.app/crew_icons_cm_taylor_icon.png?raw=true
Feezal Phlox,https://assets.datacore.app/crew_icons_cm_feezalphlox_icon.png?raw=true
Kai Opaka,https://assets.datacore.app/crew_icons_cm_kaiopaka_icon.png?raw=true
Torchbearer Rejac,https://assets.datacore.app/crew_icons_cm_torchbearer_icon.png?raw=true
Ensign Pazlar,https://assets.datacore.app/crew_icons_cm_melorafloating_icon.png?raw=true
Losira,https://assets.datacore.app/crew_icons_cm_losira_icon.png?raw=true
Admiral Owen Paris,https://assets.datacore.app/crew_icons_cm_paris_owen_icon.png?raw=true
Duelist Barclay,https://assets.datacore.app/crew_icons_cm_barclayfencing_icon.png?raw=true
Hologram Barclay,https://assets.datacore.app/crew_icons_cm_barclayhologram_icon.png?raw=true
Protomorphosis Barclay,https://assets.datacore.app/crew_icons_cm_barclay_protomorphosis_icon.png?raw=true
Interfaced Barclay,https://assets.datacore.app/crew_icons_cm_barclaydictator_icon.png?raw=true
Commander Barclay,https://assets.datacore.app/crew_icons_cm_barclay_commander_icon.png?raw=true
Queen Po,https://assets.datacore.app/crew_icons_cm_po_icon.png?raw=true
Runaway Po,https://assets.datacore.app/crew_icons_cm_po_runaway_icon.png?raw=true
1701 Sisko,https://assets.datacore.app/crew_icons_cm_siskotos_icon.png?raw=true
Mirror Sisko,https://assets.datacore.app/crew_icons_cm_siskomirror_icon.png?raw=true
Captain Sisko,https://assets.datacore.app/crew_icons_cm_sisko_captain_icon.png?raw=true
Promoted Sisko,https://assets.datacore.app/crew_icons_cm_siskopromotion_icon.png?raw=true
Dr. Hippocrates Noah,https://assets.datacore.app/crew_icons_cm_sisko_noah_icon.png?raw=true
Benny Russell,https://assets.datacore.app/crew_icons_cm_sisko_benny_icon.png?raw=true
Gabriel Bell,https://assets.datacore.app/crew_icons_cm_sisko_bell_icon.png?raw=true
Niners Sisko,https://assets.datacore.app/crew_icons_cm_sisko_niners_icon.png?raw=true
Enemy Lines Sisko,https://assets.datacore.app/crew_icons_cm_sisko_enemy_lines_icon.png?raw=true
Solar Sails Sisko,https://assets.datacore.app/crew_icons_cm_sisko_solar_icon.png?raw=true
Commanding Officer Sisko,https://assets.datacore.app/crew_icons_cm_sisko_icon.png?raw=true
High Roller Sisko,https://assets.datacore.app/crew_icons_cm_sisko_tuxedo_icon.png?raw=true
Conflicted Sisko,https://assets.datacore.app/crew_icons_cm_sisko_conflicted_icon.png?raw=true
Sous-chef Sisko,https://assets.datacore.app/crew_icons_cm_sisko_chef_icon.png?raw=true
Jodmos,https://assets.datacore.app/crew_icons_cm_sisko_jodmos_icon.png?raw=true
Captain Thadiun Okona,https://assets.datacore.app/crew_icons_cm_thadium_okona_icon.png?raw=true
Tuvix,https://assets.datacore.app/crew_icons_cm_tuvix_icon.png?raw=true
Commander Dolim,https://assets.datacore.app/crew_icons_cm_dolimcommander_icon.png?raw=true
Maquis Chakotay,https://assets.datacore.app/crew_icons_cm_chakotaymaquis_icon.png?raw=true
Commander Chakotay,https://assets.datacore.app/crew_icons_cm_chakotaystarfleet_icon.png?raw=true
GI Chakotay,https://assets.datacore.app/crew_icons_cm_chakotaywwii_icon.png?raw=true
Boxer Chakotay,https://assets.datacore.app/crew_icons_cm_chakotayboxing_icon.png?raw=true
Warship Chakotay,https://assets.datacore.app/crew_icons_cm_chakotaylivingwitness_icon.png?raw=true
Temporal Prisoner Chakotay,https://assets.datacore.app/crew_icons_cm_chakotay_shattered_icon.png?raw=true
Disguised Chakotay,https://assets.datacore.app/crew_icons_cm_chakotay_20c_disguise_icon.png?raw=true
Resolute Chakotay,https://assets.datacore.app/crew_icons_cm_chakotay_mustache_icon.png?raw=true
Torchbearer Voq,https://assets.datacore.app/crew_icons_cm_voq_icon.png?raw=true
Orion Vina,https://assets.datacore.app/crew_icons_cm_vinaorion_icon.png?raw=true
Pining Vina,https://assets.datacore.app/crew_icons_cm_vina_icon.png?raw=true
Rigel VII Vina,https://assets.datacore.app/crew_icons_cm_vina_rigel_icon.png?raw=true
Doctor Chaotica,https://assets.datacore.app/crew_icons_cm_doctorchaotica_icon.png?raw=true
Ensign Kim,https://assets.datacore.app/crew_icons_cm_kimensign_icon.png?raw=true
Hockey Kim,https://assets.datacore.app/crew_icons_cm_harrykimhockey_icon.png?raw=true
Rogue Harry Kim,https://assets.datacore.app/crew_icons_cm_kimtimeless_icon.png?raw=true
Beowulf Kim,https://assets.datacore.app/crew_icons_cm_kimbeowulf_icon.png?raw=true
Buster Kincaid Kim,https://assets.datacore.app/crew_icons_cm_buster_kinkaid_icon.png?raw=true
Captain Harry Kim,https://assets.datacore.app/crew_icons_cm_kim_captain_icon.png?raw=true
Taresian Kim,https://assets.datacore.app/crew_icons_cm_kim_taresian_icon.png?raw=true
Rura Penthe Commandant,https://assets.datacore.app/crew_icons_cm_comm_rura_penthe_icon.png?raw=true
Rifle Janeway,https://assets.datacore.app/crew_icons_cm_janewayrifle_icon.png?raw=true
Arachnia Janeway,https://assets.datacore.app/crew_icons_cm_janewayarachnia_icon.png?raw=true
Captain Janeway,https://assets.datacore.app/crew_icons_cm_janewaycoffee_icon.png?raw=true
Warship Janeway,https://assets.datacore.app/crew_icons_cm_janewaywarship_icon.png?raw=true
Admiral Janeway,https://assets.datacore.app/crew_icons_cm_janewayadmiral_icon.png?raw=true
Agent Janeway,https://assets.datacore.app/crew_icons_cm_janeway_wwii_icon.png?raw=true
Kathryn Janeway,https://assets.datacore.app/crew_icons_cm_janeway_npe_icon.png?raw=true
Assimilated Janeway,https://assets.datacore.app/crew_icons_cm_janeway_assimilated_icon.png?raw=true
Katrine,https://assets.datacore.app/crew_icons_cm_janeway_wwii_icon.png?raw=true
Klingon Janeway,https://assets.datacore.app/crew_icons_cm_janeway_klingon_icon.png?raw=true
Mirror Janeway,https://assets.datacore.app/crew_icons_cm_janeway_mirror_icon.png?raw=true
Lucille Davenport,https://assets.datacore.app/crew_icons_cm_janeway_davenport_icon.png?raw=true
Evolved Janeway,https://assets.datacore.app/crew_icons_cm_janeway_evolved_icon.png?raw=true
Determined Janeway,https://assets.datacore.app/crew_icons_cm_janeway_determined_icon.png?raw=true
Vice Admiral Janeway,https://assets.datacore.app/crew_icons_cm_janeway_viceadmiral_icon.png?raw=true
Timicin,https://assets.datacore.app/crew_icons_cm_timicin_icon.png?raw=true
Grilka,https://assets.datacore.app/crew_icons_cm_grilka_icon.png?raw=true
Captain Lorian,https://assets.datacore.app/crew_icons_cm_lorian_icon.png?raw=true
Dr. Tolian Soran,https://assets.datacore.app/crew_icons_cm_soran_icon.png?raw=true
Arik Soong,https://assets.datacore.app/crew_icons_cm_ariksoong_icon.png?raw=true
Grathon Tolar,https://assets.datacore.app/crew_icons_cm_grathon_tolar_icon.png?raw=true
Borg Queen,https://assets.datacore.app/crew_icons_cm_borg_queen_icon.png?raw=true
Grand Nagus Zek,https://assets.datacore.app/crew_icons_cm_zekgrandnagus_icon.png?raw=true
Nurse Kes,https://assets.datacore.app/crew_icons_cm_kesnurse_icon.png?raw=true
Temporal Shift Kes,https://assets.datacore.app/crew_icons_cm_kesbotanist_icon.png?raw=true
Tieran Possessed Kes,https://assets.datacore.app/crew_icons_cm_kes_tieran_icon.png?raw=true
Fury Kes,https://assets.datacore.app/crew_icons_cm_kes_fury_icon.png?raw=true
Colonel Karr,https://assets.datacore.app/crew_icons_cm_karrssuniform_icon.png?raw=true
Ahdar Ru'afo,https://assets.datacore.app/crew_icons_cm_ruafo_icon.png?raw=true
Commander Spock,https://assets.datacore.app/crew_icons_cm_spock_icon.png?raw=true
Recovering Spock,https://assets.datacore.app/crew_icons_cm_spockstiv_icon.png?raw=true
Mirror Spock,https://assets.datacore.app/crew_icons_cm_spockmirror_icon.png?raw=true
Ambassador Spock,https://assets.datacore.app/crew_icons_cm_spockambassador_icon.png?raw=true
Gangster Spock,https://assets.datacore.app/crew_icons_cm_spocktommygun_icon.png?raw=true
Kal-if-fee Spock,https://assets.datacore.app/crew_icons_cm_spockamoktime_icon.png?raw=true
Talos IV Spock,https://assets.datacore.app/crew_icons_cm_spock_pilot_icon.png?raw=true
Laborer Spock,https://assets.datacore.app/crew_icons_cm_spock_janitor_icon.png?raw=true
Kolinahr Spock,https://assets.datacore.app/crew_icons_cm_spock_kolinahr_icon.png?raw=true
Captain Spock,https://assets.datacore.app/crew_icons_cm_spock_captain_icon.png?raw=true
Mountaineer Spock,https://assets.datacore.app/crew_icons_cm_spock_camping_icon.png?raw=true
Fugitive Spock,https://assets.datacore.app/crew_icons_cm_spock_fugitive_icon.png?raw=true
Gladiator Spock,https://assets.datacore.app/crew_icons_cm_spock_gladiator_icon.png?raw=true
Science Officer Spock,https://assets.datacore.app/crew_icons_cm_spock_science_icon.png?raw=true
Admiral Nechayev,https://assets.datacore.app/crew_icons_cm_necayevadmiral_icon.png?raw=true
Senator Vreenak,https://assets.datacore.app/crew_icons_cm_vreenak_senator_icon.png?raw=true
Dr Phlox,https://assets.datacore.app/crew_icons_cm_phloxsamples_icon.png?raw=true
Surgeon Phlox,https://assets.datacore.app/crew_icons_cm_phloxscrubs_icon.png?raw=true
Defensive Phlox,https://assets.datacore.app/crew_icons_cm_phlox_defensive_icon.png?raw=true
Mirror Phlox,https://assets.datacore.app/crew_icons_cm_phloxmirror_icon.png?raw=true
Reverend Phlox,https://assets.datacore.app/crew_icons_cm_phlox_reverend_icon.png?raw=true
"Phlox, Au Naturel",https://assets.datacore.app/crew_icons_cm_phlox_natural_icon.png?raw=true
Desert Philippa Georgiou,https://assets.datacore.app/crew_icons_cm_dsc_georgiou_desert_icon.png?raw=true
Armed Philippa Georgiou,https://assets.datacore.app/crew_icons_cm_georgiou_rifle_icon.png?raw=true
Emperor Philippa Georgiou,https://assets.datacore.app/crew_icons_cm_georgiou_empress_icon.png?raw=true
Section 31 Philippa Georgiou,https://assets.datacore.app/crew_icons_cm_georgiou_section31_icon.png?raw=true
Inglatu,https://assets.datacore.app/crew_icons_cm_inglatu_icon.png?raw=true
Ambassador Shras,https://assets.datacore.app/crew_icons_cm_shras_icon.png?raw=true
Captain Kasidy Yates,https://assets.datacore.app/crew_icons_cm_kassidyyates_icon.png?raw=true
Smuggler Kasidy Yates,https://assets.datacore.app/crew_icons_cm_yates_smuggler_icon.png?raw=true
Diversion Yates,https://assets.datacore.app/crew_icons_cm_yates_victim_icon.png?raw=true
Expedition Vash,https://assets.datacore.app/crew_icons_cm_vashexplorer_icon.png?raw=true
Maid Marian,https://assets.datacore.app/crew_icons_cm_vash_qpid_icon.png?raw=true
Galaxy Gallivanting Vash,https://assets.datacore.app/crew_icons_cm_vash_qless_icon.png?raw=true
Penk,https://assets.datacore.app/crew_icons_cm_penk_icon.png?raw=true
Ensign Mendon,https://assets.datacore.app/crew_icons_cm_mendonensign_icon.png?raw=true
Cadet Sito Jaxa,https://assets.datacore.app/crew_icons_cm_jaxacadet_icon.png?raw=true
Admiral Cartwright,https://assets.datacore.app/crew_icons_cm_cartwrightadmiral_icon.png?raw=true
Botanist Keiko,https://assets.datacore.app/crew_icons_cm_keikobotanist_icon.png?raw=true
Pah-wraith Keiko,https://assets.datacore.app/crew_icons_cm_keiko_pawraith_icon.png?raw=true
Mirror Keiko,https://assets.datacore.app/crew_icons_cm_keiko_mirror_icon.png?raw=true
Commander Donatra,https://assets.datacore.app/crew_icons_cm_donatra_commander_icon.png?raw=true
Antaak,https://assets.datacore.app/crew_icons_cm_antaakent_icon.png?raw=true
Hugh,https://assets.datacore.app/crew_icons_cm_hugh_icon.png?raw=true
Thot Gor,https://assets.datacore.app/crew_icons_cm_thot_gor_icon.png?raw=true
Frederick La Rouque,https://assets.datacore.app/crew_icons_cm_larouque_icon.png?raw=true
Glinn Damar,https://assets.datacore.app/crew_icons_cm_damar_icon.png?raw=true
Revolutionary Damar,https://assets.datacore.app/crew_icons_cm_damarrevolution_icon.png?raw=true
Ripper,https://assets.datacore.app/crew_icons_cm_tardigrade_icon.png?raw=true
Annorax,https://assets.datacore.app/crew_icons_cm_annorax_icon.png?raw=true
Beloved Annorax,https://assets.datacore.app/crew_icons_cm_annorax_beloved_icon.png?raw=true
Commander Nevesa,https://assets.datacore.app/crew_icons_cm_romulancommander_icon.png?raw=true
Ba'ul,https://assets.datacore.app/crew_icons_cm_baul_icon.png?raw=true
Siranna,https://assets.datacore.app/crew_icons_cm_siranna_icon.png?raw=true
Ensign Vorik,https://assets.datacore.app/crew_icons_cm_vorik_icon.png?raw=true
Ensign Seska,https://assets.datacore.app/crew_icons_cm_seskastarfleet_icon.png?raw=true
Kazon Seska,https://assets.datacore.app/crew_icons_cm_seskakazonfurs_icon.png?raw=true
Yelgrun,https://assets.datacore.app/crew_icons_cm_yelgrun_icon.png?raw=true
Chief Engineer Torres,https://assets.datacore.app/crew_icons_cm_torreschiefengineer_icon.png?raw=true
Maquis Takeover Torres,https://assets.datacore.app/crew_icons_cm_torresmaquis_icon.png?raw=true
Liaison Torres,https://assets.datacore.app/crew_icons_cm_torres25c_icon.png?raw=true
Duelist Torres,https://assets.datacore.app/crew_icons_cm_torresduelist_icon.png?raw=true
Assimilated Torres,https://assets.datacore.app/crew_icons_cm_torres_assimilated_icon.png?raw=true
Klingon Torres,https://assets.datacore.app/crew_icons_cm_torres_klingon_icon.png?raw=true
Human Torres,https://assets.datacore.app/crew_icons_cm_torres_human_icon.png?raw=true
Delta Flyer Torres,https://assets.datacore.app/crew_icons_cm_torres_deltaflyer_icon.png?raw=true
Injured Torres,https://assets.datacore.app/crew_icons_cm_torre_injured_icon.png?raw=true
Section 31 Reed,https://assets.datacore.app/crew_icons_cm_reedsection31_icon.png?raw=true
Sniper Reed,https://assets.datacore.app/crew_icons_cm_reedsniper_icon.png?raw=true
Suliban Reed,https://assets.datacore.app/crew_icons_cm_reedsuliban_icon.png?raw=true
Rura Penthe Reed,https://assets.datacore.app/crew_icons_cm_reedrurapenthe_icon.png?raw=true
Mirror Reed,https://assets.datacore.app/crew_icons_cm_reed_mirror_icon.png?raw=true
Tourist Reed,https://assets.datacore.app/crew_icons_cm_reed_tourist_icon.png?raw=true
Abraham Lincoln,https://assets.datacore.app/crew_icons_cm_abrahamlincoln_icon.png?raw=true
Gul Madred,https://assets.datacore.app/crew_icons_cm_gulmadred_icon.png?raw=true
Nomad,https://assets.datacore.app/crew_icons_cm_nomad_icon.png?raw=true
Mirror 'Smiley' O'Brien,https://assets.datacore.app/crew_icons_cm_obriensmiley_icon.png?raw=true
Chief O'Brien,https://assets.datacore.app/crew_icons_cm_obrienpostfirstcontact_icon.png?raw=true
Undercover O'Brien,https://assets.datacore.app/crew_icons_cm_obrienundercover_icon.png?raw=true
Klingon O'Brien,https://assets.datacore.app/crew_icons_cm_obrien_klingon_icon.png?raw=true
RAF Miles O'Brien,https://assets.datacore.app/crew_icons_cm_obrienwwii_icon.png?raw=true
Falcon O'Brien,https://assets.datacore.app/crew_icons_cm_obrien_falcon_icon.png?raw=true
Prisoner O'Brien,https://assets.datacore.app/crew_icons_cm_obrien_prisoner_icon.png?raw=true
Augment Commander O'Brien,https://assets.datacore.app/crew_icons_cm_obrien_augment_icon.png?raw=true
Keevan,https://assets.datacore.app/crew_icons_cm_keevan_icon.png?raw=true
Returning Craft,https://assets.datacore.app/crew_icons_cm_craft_shuttle_icon.png?raw=true
Stranded Craft,https://assets.datacore.app/crew_icons_cm_craft_icon.png?raw=true
Ishara Yar,https://assets.datacore.app/crew_icons_cm_yar_ishara_icon.png?raw=true
Technician Rom,https://assets.datacore.app/crew_icons_cm_romtechnitian_icon.png?raw=true
Grand Nagus Rom,https://assets.datacore.app/crew_icons_cm_romnagus_icon.png?raw=true
Niners Rom,https://assets.datacore.app/crew_icons_cm_rom_niners_icon.png?raw=true
Doctor Ann Mulhall,https://assets.datacore.app/crew_icons_cm_mulhall_doctor_icon.png?raw=true
Berlinghoff Rasmussen,https://assets.datacore.app/crew_icons_cm_berlinghoffrasmussen_icon.png?raw=true
Koloth,https://assets.datacore.app/crew_icons_cm_kolothtos_icon.png?raw=true
Dahar Master Koloth,https://assets.datacore.app/crew_icons_cm_koloth_daharmaster_icon.png?raw=true
Ardra,https://assets.datacore.app/crew_icons_cm_arda_icon.png?raw=true
Q2,https://assets.datacore.app/crew_icons_cm_q2_icon.png?raw=true
Colonel Q,https://assets.datacore.app/crew_icons_cm_colonel_q_icon.png?raw=true
Tora Ziyal,https://assets.datacore.app/crew_icons_cm_tora_ziyal_icon.png?raw=true
Lt. Naomi Wildman,https://assets.datacore.app/crew_icons_cm_wildmanfuture_icon.png?raw=true
Ensign Chekov,https://assets.datacore.app/crew_icons_cm_chekov_icon.png?raw=true
Claiborne Chekov,https://assets.datacore.app/crew_icons_cm_chekovbillyclairborne_icon.png?raw=true
Commander Chekov,https://assets.datacore.app/crew_icons_cm_chekovtvh_icon.png?raw=true
First Officer Chekov,https://assets.datacore.app/crew_icons_cm_commander_chekov2_icon.png?raw=true
Dancing Chekov,https://assets.datacore.app/crew_icons_cm_chekov_dancing_icon.png?raw=true
Lieutenant Chekov,https://assets.datacore.app/crew_icons_cm_chekov_lieutenant_icon.png?raw=true
Lt. Tasha Yar,https://assets.datacore.app/crew_icons_cm_yartng_icon.png?raw=true
Warship Yar,https://assets.datacore.app/crew_icons_cm_yaralternate_icon.png?raw=true
Duelist Yar,https://assets.datacore.app/crew_icons_cm_yar_glavin_duel_icon.png?raw=true
Aviator Yar,https://assets.datacore.app/crew_icons_cm_yarwwii_icon.png?raw=true
Polywater Yar,https://assets.datacore.app/crew_icons_cm_yar_intoxicated_icon.png?raw=true
Mara,https://assets.datacore.app/crew_icons_cm_mara_icon.png?raw=true
Lieutenant Saavik,https://assets.datacore.app/crew_icons_cm_saavikfieldjacket_icon.png?raw=true
Nurse Paris,https://assets.datacore.app/crew_icons_cm_parislieutenant_icon.png?raw=true
Captain Proton Paris,https://assets.datacore.app/crew_icons_cm_parisproton_icon.png?raw=true
Hockey Paris,https://assets.datacore.app/crew_icons_cm_tomparishockey_icon.png?raw=true
Delta Flyer Paris,https://assets.datacore.app/crew_icons_cm_parisdeltaflier_icon.png?raw=true
Combat Medic Paris,https://assets.datacore.app/crew_icons_cm_paris_wwii_icon.png?raw=true
Mutated Paris,https://assets.datacore.app/crew_icons_cm_paris_mutated_icon.png?raw=true
Krenim Guest Paris,https://assets.datacore.app/crew_icons_cm_paris_krenim_guest_icon.png?raw=true
Lore,https://assets.datacore.app/crew_icons_cm_loreoriginal_icon.png?raw=true
"The One, Lore",https://assets.datacore.app/crew_icons_cm_loreblacksuit_icon.png?raw=true
Lursa Duras,https://assets.datacore.app/crew_icons_cm_lursaduras_icon.png?raw=true
The Viceroy,https://assets.datacore.app/crew_icons_cm_remanviceroy_icon.png?raw=true
Crewman Tarses,https://assets.datacore.app/crew_icons_cm_tarsesensign_icon.png?raw=true
Idrin,https://assets.datacore.app/crew_icons_cm_idrin_icon.png?raw=true
Private S. Money,https://assets.datacore.app/crew_icons_cm_moneyprivate_icon.png?raw=true
Mother Horta,https://assets.datacore.app/crew_icons_cm_horta_icon.png?raw=true
The Caretaker,https://assets.datacore.app/crew_icons_cm_caretaker_icon.png?raw=true
Commander Sela,https://assets.datacore.app/crew_icons_cm_sela_icon.png?raw=true
B'Etor Duras,https://assets.datacore.app/crew_icons_cm_betorduras_icon.png?raw=true
Dr. Soong,https://assets.datacore.app/crew_icons_cm_soongold_icon.png?raw=true
Judge Q,https://assets.datacore.app/crew_icons_cm_qjudge_icon.png?raw=true
Captain Q,https://assets.datacore.app/crew_icons_cm_qstarfleet_icon.png?raw=true
Florist Q,https://assets.datacore.app/crew_icons_cm_q_florist_icon.png?raw=true
Human Q,https://assets.datacore.app/crew_icons_cm_qhuman_sm.png?raw=true
Sheriff of Nottingham Q,https://assets.datacore.app/crew_icons_cm_q_nottingham_icon.png?raw=true
Marshal of France Q,https://assets.datacore.app/crew_icons_cm_q_marshall_of_france_icon.png?raw=true
Mariachi Q,https://assets.datacore.app/crew_icons_cm_q_mariachi_icon.png?raw=true
Pugilist Q,https://assets.datacore.app/crew_icons_cm_pugilist_q_icon.png?raw=true
Data Q,https://assets.datacore.app/crew_icons_cm_q_data_icon.png?raw=true
"Q as ""God""",https://assets.datacore.app/crew_icons_cm_q_god_icon.png?raw=true
Captain Silva La Forge,https://assets.datacore.app/crew_icons_cm_silva_captain_icon.png?raw=true
Stargazer Picard,https://assets.datacore.app/crew_icons_cm_picardstargazer_icon.png?raw=true
Enterprise-D Picard,https://assets.datacore.app/crew_icons_cm_picardcaptain_icon.png?raw=true
Locutus of Borg,https://assets.datacore.app/crew_icons_cm_locutus_icon.png?raw=true
Enterprise-E Picard,https://assets.datacore.app/crew_icons_cm_picardfirstcontact_icon.png?raw=true
Tommy Gun Dixon,https://assets.datacore.app/crew_icons_cm_picardtommygun_icon.png?raw=true
Galen,https://assets.datacore.app/crew_icons_cm_picardgalen_icon.png?raw=true
Detective Dixon Hill,https://assets.datacore.app/crew_icons_cm_picarddixonhill_icon.png?raw=true
C.O.P. Founder Picard,https://assets.datacore.app/crew_icons_cm_picard_formal_icon.png?raw=true
Augment Picard,https://assets.datacore.app/crew_icons_cm_picard_augment_icon.png?raw=true
Admiral Picard,https://assets.datacore.app/crew_icons_cm_picard_admiral_icon.png?raw=true
Robin Hood,https://assets.datacore.app/crew_icons_cm_picard_robinhood_icon.png?raw=true
Smitten Jean-Luc Picard,https://assets.datacore.app/crew_icons_cm_picard_smitten_icon.png?raw=true
Mirror Jean-Luc Picard,https://assets.datacore.app/crew_icons_cm_picard_mirror_icon.png?raw=true
Romulan Picard,https://assets.datacore.app/crew_icons_cm_picard_romulan_icon.png?raw=true
Mambo Picard,https://assets.datacore.app/crew_icons_cm_picard_mambo_icon.png?raw=true
Irumodic Syndrome Picard,https://assets.datacore.app/crew_icons_cm_picard_irumodic_icon.png?raw=true
Ensign Picard,https://assets.datacore.app/crew_icons_cm_ensign_picard_icon.png?raw=true
Musketeer Picard,https://assets.datacore.app/crew_icons_cm_picard_musketeer_icon.png?raw=true
Commander Keras,https://assets.datacore.app/crew_icons_cm_keras_icon.png?raw=true
Honored Owosekun,https://assets.datacore.app/crew_icons_cm_owosekun_honored_icon.png?raw=true
New Eden Owosekun,https://assets.datacore.app/crew_icons_cm_owosekun_neweden_icon.png?raw=true
Ensign Sato,https://assets.datacore.app/crew_icons_cm_satoensign_icon.png?raw=true
Mirror Empress Sato,https://assets.datacore.app/crew_icons_cm_satomirror_icon.png?raw=true
Loque'eque Sato,https://assets.datacore.app/crew_icons_cm_sato_loqueeque_icon.png?raw=true
Professor Sato,https://assets.datacore.app/crew_icons_cm_sato_professor_icon.png?raw=true
Quinn,https://assets.datacore.app/crew_icons_cm_quinn_icon.png?raw=true
Minuet,https://assets.datacore.app/crew_icons_cm_minuet_icon.png?raw=true
Chief Engineer La Forge,https://assets.datacore.app/crew_icons_cm_laforgetng_icon.png?raw=true
Lt. Commander La Forge,https://assets.datacore.app/crew_icons_cm_laforgefirstcontact_icon.png?raw=true
Doctor La Forge,https://assets.datacore.app/crew_icons_cm_watsonlaforge_icon.png?raw=true
Captain La Forge,https://assets.datacore.app/crew_icons_cm_laforgecaptain_icon.png?raw=true
Age of Sail La Forge,https://assets.datacore.app/crew_icons_cm_laforge_age_of_sail_icon.png?raw=true
Mirror Geordi La Forge,https://assets.datacore.app/crew_icons_cm_laforge_mirror_icon.png?raw=true
Assimilated La Forge,https://assets.datacore.app/crew_icons_cm_laforge_assimilated_icon.png?raw=true
Musketeer La Forge,https://assets.datacore.app/crew_icons_cm_laforge_musketeer_icon.png?raw=true
Alan-A-Dale,https://assets.datacore.app/crew_icons_cm_laforge_alanadale_icon.png?raw=true
Interfaced La Forge,https://assets.datacore.app/crew_icons_cm_laforge_interface_icon.png?raw=true
Geordi La Forge,https://assets.datacore.app/crew_icons_cm_laforge_helmsman_icon.png?raw=true
Conditioned La Forge,https://assets.datacore.app/crew_icons_cm_laforge_conditioned_icon.png?raw=true
General Chang,https://assets.datacore.app/crew_icons_cm_changgeneral_icon.png?raw=true
Phoenix Cochrane,https://assets.datacore.app/crew_icons_cm_cochranefirstcontact_icon.png?raw=true
Mirror Zefram Cochrane,https://assets.datacore.app/crew_icons_cm_cochrane_mirror_icon.png?raw=true
Maras,https://assets.datacore.app/crew_icons_cm_maras_icon.png?raw=true
Obrist,https://assets.datacore.app/crew_icons_cm_obrist_icon.png?raw=true
Amanda Rogers,https://assets.datacore.app/crew_icons_cm_rogers_amanda_icon.png?raw=true
Lt. Commander Scott,https://assets.datacore.app/crew_icons_cm_scottystandard_icon.png?raw=true
Captain Scott,https://assets.datacore.app/crew_icons_cm_scottystiv_icon.png?raw=true
Commander Scott,https://assets.datacore.app/crew_icons_cm_scotty_the_motion_picture_icon.png?raw=true
Professor Scott,https://assets.datacore.app/crew_icons_cm_scottmovievest_icon.png?raw=true
Dress Uniform Scotty,https://assets.datacore.app/crew_icons_cm_scott_dress_uniform_icon.png?raw=true
Tribble Herder Scotty,https://assets.datacore.app/crew_icons_cm_scotty_tribbles_icon.png?raw=true
Armus,https://assets.datacore.app/crew_icons_cm_armus_icon.png?raw=true
Weyoun Clone 4,https://assets.datacore.app/crew_icons_cm_weyounfour_icon.png?raw=true
Weyoun Clone 5,https://assets.datacore.app/crew_icons_cm_weyoun_five_icon.png?raw=true
Weyoun Clone 6,https://assets.datacore.app/crew_icons_cm_weyoun_six_icon.png?raw=true
Lon Suder,https://assets.datacore.app/crew_icons_cm_sudersabotuer_icon.png?raw=true
Nurse Faith Garland,https://assets.datacore.app/crew_icons_cm_faith_garland_icon.png?raw=true
Ensign Mayweather,https://assets.datacore.app/crew_icons_cm_mayweatherensign_icon.png?raw=true
Boomer Mayweather,https://assets.datacore.app/crew_icons_cm_mayweatherboomer_icon.png?raw=true
Tuskegee Mayweather,https://assets.datacore.app/crew_icons_cm_mayweatherwwii_icon.png?raw=true
Mirror Mayweather,https://assets.datacore.app/crew_icons_cm_mayweather_mirror_icon.png?raw=true
Mountain Climber Mayweather,https://assets.datacore.app/crew_icons_cm_mayweather_risa_icon.png?raw=true
Tarquin,https://assets.datacore.app/crew_icons_cm_tarquins_species_icon.png?raw=true
Luther Sloan,https://assets.datacore.app/crew_icons_cm_luthersloan_icon.png?raw=true
Solbor,https://assets.datacore.app/crew_icons_cm_solbor_icon.png?raw=true
Assimilated Hawk,https://assets.datacore.app/crew_icons_cm_hawk_assimilated_icon.png?raw=true
Vedek Bareil Antos,https://assets.datacore.app/crew_icons_cm_bariel_vedek_icon.png?raw=true
Ilia Probe,https://assets.datacore.app/crew_icons_cm_ilia_probe_icon.png?raw=true
First Goran'Agar,https://assets.datacore.app/crew_icons_cm_goranagar_icon.png?raw=true
Etana Jol,https://assets.datacore.app/crew_icons_cm_jol_etana_icon.png?raw=true
Away Team Archer,https://assets.datacore.app/crew_icons_cm_archerawayteam_icon.png?raw=true
Mirror Archer,https://assets.datacore.app/crew_icons_cm_archermirror_icon.png?raw=true
Ushaan Archer,https://assets.datacore.app/crew_icons_cm_archerdueling_icon.png?raw=true
EV Suit Archer,https://assets.datacore.app/crew_icons_cm_archer_ev_suit_icon.png?raw=true
North Star Archer,https://assets.datacore.app/crew_icons_cm_archer_cowboy_icon.png?raw=true
C.O.P. Founder Archer,https://assets.datacore.app/crew_icons_cm_archer_founder_icon.png?raw=true
Xindi 'Prisoner' Archer,https://assets.datacore.app/crew_icons_cm_archer_xindi_prisoner_icon.png?raw=true
Humbled Archer,https://assets.datacore.app/crew_icons_cm_archer_apology_icon.png?raw=true
Test Pilot Archer,https://assets.datacore.app/crew_icons_cm_archer_testpilot_icon.png?raw=true
Imprinted Archer,https://assets.datacore.app/crew_icons_cm_archer_imprinted_icon.png?raw=true
Desert Archer,https://assets.datacore.app/crew_icons_cm_archer_desert_icon.png?raw=true
Ambassador Soval,https://assets.datacore.app/crew_icons_cm_soval_icon.png?raw=true
Riley Frazier,https://assets.datacore.app/crew_icons_cm_riley_frazier_icon.png?raw=true
Dr. Richard Daystrom,https://assets.datacore.app/crew_icons_cm_daystrom_icon.png?raw=true
Prisoner Katrina Cornwell,https://assets.datacore.app/crew_icons_cm_dsc_cornwell_prisoner_icon.png?raw=true
Changeling Founder,https://assets.datacore.app/crew_icons_cm_femalechangeling_icon.png?raw=true
Diseased Changeling Founder,https://assets.datacore.app/crew_icons_cm_changeling_diseased_icon.png?raw=true
Mugato,https://assets.datacore.app/crew_icons_cm_mugato_icon.png?raw=true
Elizabeth Dehner,https://assets.datacore.app/crew_icons_cm_elizabeth_dehner_icon.png?raw=true
Ensign Robin Lefler,https://assets.datacore.app/crew_icons_cm_robinlefler_icon.png?raw=true
Vosk,https://assets.datacore.app/crew_icons_cm_vosk_icon.png?raw=true
Lissan,https://assets.datacore.app/crew_icons_cm_lissan_icon.png?raw=true
Away Team Number One,https://assets.datacore.app/crew_icons_cm_majel_numberone_icon.png?raw=true
Bridge Officer Number One,https://assets.datacore.app/crew_icons_cm_dsc_numberone_icon.png?raw=true
Prophet Sarah Sisko,https://assets.datacore.app/crew_icons_cm_sarah_sisko_icon.png?raw=true
Acting Nagus Brunt,https://assets.datacore.app/crew_icons_cm_grandnagusbrunt_icon.png?raw=true
Crell Moset,https://assets.datacore.app/crew_icons_cm_crell_icon.png?raw=true
Commander Kruge,https://assets.datacore.app/crew_icons_cm_commanderkruge_icon.png?raw=true
Harcourt Fenton Mudd,https://assets.datacore.app/crew_icons_cm_harry_mudd_icon.png?raw=true
Time Loop Mudd,https://assets.datacore.app/crew_icons_cm_harry_mudd_takeover_icon.png?raw=true
Bounty Hunter Mudd,https://assets.datacore.app/crew_icons_cm_mudd_bounty_icon.png?raw=true
Kortar,https://assets.datacore.app/crew_icons_cm_kortar_icon.png?raw=true
Lt. Commander Airiam,https://assets.datacore.app/crew_icons_cm_dsc_airiam_ltcmdr_icon.png?raw=true
Temporal Agent Daniels,https://assets.datacore.app/crew_icons_cm_daniels_temporal_icon.png?raw=true
Dr. Carol Marcus,https://assets.datacore.app/crew_icons_cm_carolmarcus_icon.png?raw=true
Commander Barak,https://assets.datacore.app/crew_icons_cm_barak_commander_icon.png?raw=true
Jett Reno,https://assets.datacore.app/crew_icons_cm_jett_reno_icon.png?raw=true
Enabran Tain,https://assets.datacore.app/crew_icons_cm_tain_icon.png?raw=true
Lwaxana Troi,https://assets.datacore.app/crew_icons_cm_lwaxanatroi_icon.png?raw=true
Ambassador Troi,https://assets.datacore.app/crew_icons_cm_troiambassador_icon.png?raw=true
Festive Lwaxana Troi,https://assets.datacore.app/crew_icons_cm_troi_festivelwaxana_icon.png?raw=true
Grateful Lwaxana Troi,https://assets.datacore.app/crew_icons_cm_lwaxana_grateful_icon.png?raw=true
Mirror Jennifer Sisko,https://assets.datacore.app/crew_icons_cm_jennifersiskomirror_icon.png?raw=true
Senator Cretak,https://assets.datacore.app/crew_icons_cm_kimaracretak_icon.png?raw=true
Icheb,https://assets.datacore.app/crew_icons_cm_icheb_icon.png?raw=true
Tactical Michael Burnham,https://assets.datacore.app/crew_icons_cm_burnham_tactical_icon.png?raw=true
Graduation Michael Burnham,https://assets.datacore.app/crew_icons_cm_burnham_vulcan_graduate_icon.png?raw=true
Prisoner Michael Burnham,https://assets.datacore.app/crew_icons_cm_burnham_prisoner_icon.png?raw=true
First Officer Burnham,https://assets.datacore.app/crew_icons_cm_dsc_burnham_first_officer_icon.png?raw=true
Prospect Michael Burnham,https://assets.datacore.app/crew_icons_cm_burnham_prospect_icon.png?raw=true
Desert Michael Burnham,https://assets.datacore.app/crew_icons_cm_burnham_desert_icon.png?raw=true
EV Suit Burnham,https://assets.datacore.app/crew_icons_cm_burnham_evsuit_icon.png?raw=true
Away Team Michael Burnham,https://assets.datacore.app/crew_icons_cm_burnham_away_icon.png?raw=true
Fugitive Burnham,https://assets.datacore.app/crew_icons_cm_burnham_fugitive_icon.png?raw=true
Fungal Entity May,https://assets.datacore.app/crew_icons_cm_may_fungus_icon.png?raw=true
Mirror K'Ehleyr,https://assets.datacore.app/crew_icons_cm_kehleyrmirror_icon.png?raw=true
Ambassador K'Ehleyr,https://assets.datacore.app/crew_icons_cm_kehleyr_ambassador_icon.png?raw=true
Resistance Shakaar,https://assets.datacore.app/crew_icons_cm_shakaarresistance_icon.png?raw=true
Teenager Nog,https://assets.datacore.app/crew_icons_cm_nogstimbolt_icon.png?raw=true
Cadet Nog,https://assets.datacore.app/crew_icons_cm_nogcadet_icon.png?raw=true
Captain Nog,https://assets.datacore.app/crew_icons_cm_nogcaptain_icon.png?raw=true
Tuxedo Nog,https://assets.datacore.app/crew_icons_cm_nog_nines_icon.png?raw=true
Reinforcements Stamets,https://assets.datacore.app/crew_icons_cm_stamets_icon.png?raw=true
Mirror Stamets,https://assets.datacore.app/crew_icons_cm_dsc_stamets_mirror_icon.png?raw=true
Navigator Stamets,https://assets.datacore.app/crew_icons_cm_stamets_navigator_icon.png?raw=true
Off-Duty Stamets,https://assets.datacore.app/crew_icons_cm_dsc_stamets_offduty_icon.png?raw=true
CMO Bashir,https://assets.datacore.app/crew_icons_cm_bashirs1_icon.png?raw=true
"Bashir, Julian Bashir",https://assets.datacore.app/crew_icons_cm_bashirbond_icon.png?raw=true
Alternate Future Bashir,https://assets.datacore.app/crew_icons_cm_bashirfuture_icon.png?raw=true
Changeling Bashir,https://assets.datacore.app/crew_icons_cm_bashirchangeling_icon.png?raw=true
RAF Julian Bashir,https://assets.datacore.app/crew_icons_cm_bashirwwii_icon.png?raw=true
Racquetball Bashir,https://assets.datacore.app/crew_icons_cm_bashirracquetball_icon.png?raw=true
Mirror Bashir,https://assets.datacore.app/crew_icons_cm_bashir_mirror_icon.png?raw=true
Bell Riots Bashir,https://assets.datacore.app/crew_icons_cm_bashir_bellriots_icon.png?raw=true
Prince Bashir,https://assets.datacore.app/crew_icons_cm_bashir_prince_icon.png?raw=true
Captive Bashir,https://assets.datacore.app/crew_icons_cm_bashir_prisoner_icon.png?raw=true
Scientist Degra,https://assets.datacore.app/crew_icons_cm_degrascientist_icon.png?raw=true
Commander Kelby,https://assets.datacore.app/crew_icons_cm_kelbyent_icon.png?raw=true
Captain Lorca,https://assets.datacore.app/crew_icons_cm_lorca_icon.png?raw=true
Usurper Lorca,https://assets.datacore.app/crew_icons_cm_lorca_mirror_icon.png?raw=true
Prison Break Lorca,https://assets.datacore.app/crew_icons_cm_lorca_prisoner_icon.png?raw=true
Alidar Jarok,https://assets.datacore.app/crew_icons_cm_jarok_icon.png?raw=true
Tosk,https://assets.datacore.app/crew_icons_cm_tosk_icon.png?raw=true
Malik,https://assets.datacore.app/crew_icons_cm_malik_icon.png?raw=true
Captain Kirk,https://assets.datacore.app/crew_icons_cm_kirktosyellow_icon.png?raw=true
Command Wrap Kirk,https://assets.datacore.app/crew_icons_cm_kirkgreenwrap_icon.png?raw=true
Nexus Kirk,https://assets.datacore.app/crew_icons_cm_kirkgenerations_icon.png?raw=true
Mirror Kirk,https://assets.datacore.app/crew_icons_cm_mirrorkirk_icon.png?raw=true
Kal-if-fee Kirk,https://assets.datacore.app/crew_icons_cm_kirkamoktime_icon.png?raw=true
Romulan Kirk,https://assets.datacore.app/crew_icons_cm_kirkromulan_icon.png?raw=true
Platonian Kirk,https://assets.datacore.app/crew_icons_cm_kirk_platonian_icon.png?raw=true
Gangster Kirk,https://assets.datacore.app/crew_icons_cm_kirk_gangster_icon.png?raw=true
Admiral Kirk,https://assets.datacore.app/crew_icons_cm_kirk_admiral_icon.png?raw=true
Rura Penthe Kirk,https://assets.datacore.app/crew_icons_cm_kirk_rura_penthe_icon.png?raw=true
Survivalist Kirk,https://assets.datacore.app/crew_icons_cm_kirk_survivalist_icon.png?raw=true
Incognito Kirk,https://assets.datacore.app/crew_icons_cm_kirk_incognito_icon.png?raw=true
Evil Kirk,https://assets.datacore.app/crew_icons_cm_kirk_evil_icon.png?raw=true
Wrathful Kirk,https://assets.datacore.app/crew_icons_cm_kirk_wrathful_icon.png?raw=true
Roman Captive Kirk,https://assets.datacore.app/crew_icons_cm_kirk_romancaptive_icon.png?raw=true
Dr. Reyga,https://assets.datacore.app/crew_icons_cm_reyga_icon.png?raw=true
Lt. Jadzia Dax,https://assets.datacore.app/crew_icons_cm_jadzias1_icon.png?raw=true
1701 Jadzia Dax,https://assets.datacore.app/crew_icons_cm_jadziadaxtos_icon.png?raw=true
Lt. Commander Jadzia Dax,https://assets.datacore.app/crew_icons_cm_jadziatongo_icon.png?raw=true
Festive Jadzia Dax,https://assets.datacore.app/crew_icons_cm_jadzia_purple_icon.png?raw=true
Desert Ezri Dax,https://assets.datacore.app/crew_icons_cm_ezridesert_icon.png?raw=true
Sniper Ezri Dax,https://assets.datacore.app/crew_icons_cm_ezrisniper_icon.png?raw=true
Mirror Ezri Tigan,https://assets.datacore.app/crew_icons_cm_ezrimirror_icon.png?raw=true
Blood Oath Jadzia Dax,https://assets.datacore.app/crew_icons_cm_jadziabloodoath_icon.png?raw=true
Waitress Ezri,https://assets.datacore.app/crew_icons_cm_ezriwaitress_icon.png?raw=true
Klingon Bride Jadzia,https://assets.datacore.app/crew_icons_cm_jadzia_dax_bride_icon.png?raw=true
Princess Jadzia,https://assets.datacore.app/crew_icons_cm_jadzia_dax_camelot_icon.png?raw=true
Honey Bare Jadzia,https://assets.datacore.app/crew_icons_cm_jadzia_honey_bare_icon.png?raw=true
Mirror Jadzia Dax,https://assets.datacore.app/crew_icons_cm_jadzia_mirror_icon.png?raw=true
Bell Riots Jadzia Dax,https://assets.datacore.app/crew_icons_cm_dax_jadzia_riots_icon.png?raw=true
Alternate Future Jadzia Dax,https://assets.datacore.app/crew_icons_cm_jadzia_alternate_future_icon.png?raw=true
Tourist Jadzia Dax,https://assets.datacore.app/crew_icons_cm_jadzia_tourist_icon.png?raw=true
Vice Admiral Dougherty,https://assets.datacore.app/crew_icons_cm_dougherty_admiral_icon.png?raw=true
Zora,https://assets.datacore.app/crew_icons_cm_zora_icon.png?raw=true
Ambassador Sarek,https://assets.datacore.app/crew_icons_cm_sarekambassador_icon.png?raw=true
Sarek,https://assets.datacore.app/crew_icons_cm_sarek_icon.png?raw=true
Suus Mahna Sarek,https://assets.datacore.app/crew_icons_cm_sarek_suus_mahna_icon.png?raw=true
The Prophet,https://assets.datacore.app/crew_icons_cm_sarek_mirror_icon.png?raw=true
Trevis,https://assets.datacore.app/crew_icons_cm_trevis_icon.png?raw=true
Lonzak,https://assets.datacore.app/crew_icons_cm_lonzak_icon.png?raw=true
The Keeper,https://assets.datacore.app/crew_icons_cm_talosian_keeper_icon.png?raw=true
The Bashirs,https://assets.datacore.app/crew_icons_cm_bashirs_parents_icon.png?raw=true
Lewis Zimmerman,https://assets.datacore.app/crew_icons_cm_lewis_zimmerman_icon.png?raw=true
Kahless the Unforgettable,https://assets.datacore.app/crew_icons_cm_kahless_icon.png?raw=true
CMO Pulaski,https://assets.datacore.app/crew_icons_cm_pulaskidoctor_icon.png?raw=true
Surgeon Pulaski,https://assets.datacore.app/crew_icons_cm_pulaski_surgeon_icon.png?raw=true
Victorian Pulaski,https://assets.datacore.app/crew_icons_cm_pulaski_victorian_icon.png?raw=true
Dr. Katherine Pulaski,https://assets.datacore.app/crew_icons_cm_pulaski_katherine_icon.png?raw=true
Vulcan Executioner,https://assets.datacore.app/crew_icons_cm_vulcan_executioner_icon.png?raw=true
Commander Ellen Landry,https://assets.datacore.app/crew_icons_cm_landry_icon.png?raw=true
Mirror Ellen Landry,https://assets.datacore.app/crew_icons_cm_landry_mirror_icon.png?raw=true
Agent Harris,https://assets.datacore.app/crew_icons_cm_harris_icon.png?raw=true
Groundskeeper Boothby,https://assets.datacore.app/crew_icons_cm_boothby_icon.png?raw=true
Boothby Replicant,https://assets.datacore.app/crew_icons_cm_boothby_replicant_icon.png?raw=true
Natima Lang,https://assets.datacore.app/crew_icons_cm_natima_icon.png?raw=true
Klingon Dukat,https://assets.datacore.app/crew_icons_cm_dukat_icon.png?raw=true
Dominion Dukat,https://assets.datacore.app/crew_icons_cm_dukatbaseball_icon.png?raw=true
Pah-wraith Cult Dukat,https://assets.datacore.app/crew_icons_cm_dukatcult_icon.png?raw=true
Bajoran Dukat,https://assets.datacore.app/crew_icons_cm_dukat_bajoran_icon.png?raw=true
Breen Disguise Dukat,https://assets.datacore.app/crew_icons_cm_dukat_breen_disquise_icon.png?raw=true
First Maje Haron,https://assets.datacore.app/crew_icons_cm_haronfirstmaje_icon.png?raw=true
Portal 63,https://assets.datacore.app/crew_icons_cm_tkon_guardian_icon.png?raw=true
Joachim,https://assets.datacore.app/crew_icons_cm_joachim2_icon.png?raw=true
Dr. Pollard,https://assets.datacore.app/crew_icons_cm_pollard_tracy_icon.png?raw=true
Sulan,https://assets.datacore.app/crew_icons_cm_sulan_icon.png?raw=true
Gorn Captain,https://assets.datacore.app/crew_icons_cm_gorncaptainfix_icon.png?raw=true
Kurak,https://assets.datacore.app/crew_icons_cm_kuraktng_icon.png?raw=true
Ruk,https://assets.datacore.app/crew_icons_cm_ruk_icon.png?raw=true
Lieutenant Valeris,https://assets.datacore.app/crew_icons_cm_valeris_icon.png?raw=true
Lily Sloane,https://assets.datacore.app/crew_icons_cm_lilysloane_icon.png?raw=true
Satin Dress Lily Sloane,https://assets.datacore.app/crew_icons_cm_sloane_satin_icon.png?raw=true
Satan's Robot,https://assets.datacore.app/crew_icons_cm_satans_robot_icon.png?raw=true
T'Kuvma,https://assets.datacore.app/crew_icons_cm_tkuvma_icon.png?raw=true
Rain Robinson,https://assets.datacore.app/crew_icons_cm_rain_robinson_icon.png?raw=true
Gary Seven,https://assets.datacore.app/crew_icons_cm_gary_seven_icon.png?raw=true
Lt. JG Palmer,https://assets.datacore.app/crew_icons_cm_palmer_icon.png?raw=true
Kol of House Kor,https://assets.datacore.app/crew_icons_cm_kol_mekleth_icon.png?raw=true
Q Junior,https://assets.datacore.app/crew_icons_cm_q_junior_icon.png?raw=true
Commander Ari bn Bem,https://assets.datacore.app/crew_icons_cm_ari_bn_bem_icon.png?raw=true
Miss Q,https://assets.datacore.app/crew_icons_cm_q_miss_icon.png?raw=true
Commander Thelin,https://assets.datacore.app/crew_icons_cm_thelin_icon.png?raw=true
Admiral Ross,https://assets.datacore.app/crew_icons_cm_ross_admiral_icon.png?raw=true
Anij,https://assets.datacore.app/crew_icons_cm_anij_icon.png?raw=true
Advocate Kolos,https://assets.datacore.app/crew_icons_cm_kolos_icon.png?raw=true
Orion Slaver,https://assets.datacore.app/crew_icons_cm_orionslaver_icon.png?raw=true
Gilora Rejal,https://assets.datacore.app/crew_icons_cm_gilorarejal_icon.png?raw=true
Doctor Selar,https://assets.datacore.app/crew_icons_cm_nselardoctor_icon.png?raw=true
Kurros,https://assets.datacore.app/crew_icons_cm_kurros_crew_icon.png?raw=true
Lt. Commander Data,https://assets.datacore.app/crew_icons_cm_datas1_icon.png?raw=true
Tempted Data,https://assets.datacore.app/crew_icons_cm_datafirstcontactskin_icon.png?raw=true
Detective Data,https://assets.datacore.app/crew_icons_cm_holmesdata_icon.png?raw=true
Frank Hollander,https://assets.datacore.app/crew_icons_cm_datacowboy_icon.png?raw=true
Prospero Data,https://assets.datacore.app/crew_icons_cm_data_prospero_icon.png?raw=true
Friar Tuck Data,https://assets.datacore.app/crew_icons_cm_data_friartuck_icon.png?raw=true
Emotion Chip Data,https://assets.datacore.app/crew_icons_cm_datagenerations_icon.png?raw=true
Romulan Data,https://assets.datacore.app/crew_icons_cm_data_romulan_icon.png?raw=true
Mirror Data,https://assets.datacore.app/crew_icons_cm_data_mirror_icon.png?raw=true
Age of Sail Data,https://assets.datacore.app/crew_icons_cm_data_ageofsail_icon.png?raw=true
Data V,https://assets.datacore.app/crew_icons_cm_data_henry_icon.png?raw=true
H.M.S. Pinafore Data,https://assets.datacore.app/crew_icons_cm_data_insurrection_icon.png?raw=true
Irina,https://assets.datacore.app/crew_icons_cm_irina_icon.png?raw=true
Captain Dathon,https://assets.datacore.app/crew_icons_cm_dathon_icon.png?raw=true
Lucien,https://assets.datacore.app/crew_icons_cm_lucien_icon.png?raw=true
The Professor,https://assets.datacore.app/crew_icons_cm_moriarty_icon.png?raw=true
Sarina Douglas,https://assets.datacore.app/crew_icons_cm_sarina_douglas_icon.png?raw=true
Dark Empath Troi,https://assets.datacore.app/crew_icons_cm_troi_darkempath_icon.png?raw=true
Little John Riker,https://assets.datacore.app/crew_icons_cm_riker_littlejohn_icon.png?raw=true
Torchbearer Tyler,https://assets.datacore.app/crew_icons_cm_tyler_torchbearer_icon.png?raw=true
Safecracker Nog,https://assets.datacore.app/crew_icons_cm_nog_safecracker_icon.png?raw=true
Kamala,https://assets.datacore.app/crew_icons_cm_kamala_icon.png?raw=true
Dress Uniform Bashir,https://assets.datacore.app/crew_icons_cm_bashir_dressuniform_icon.png?raw=true
Transporter Chief Rand,https://assets.datacore.app/crew_icons_cm_rand_transporter_icon.png?raw=true
Cadet First Class Locarno,https://assets.datacore.app/crew_icons_cm_nicholas_locarno_icon.png?raw=true
Priestess Siranna,https://assets.datacore.app/crew_icons_cm_siranna_priestess_icon.png?raw=true
Betrothed Kamala,https://assets.datacore.app/crew_icons_cm_kamala_betrothed_icon.png?raw=true
Scrooge Data,https://assets.datacore.app/crew_portraits_cm_data_scrooge_sm.png
Chancellor Martok,https://assets.datacore.app/crew_portraits_cm_martok_chancellor_sm.png
Seeking Spock,https://assets.datacore.app/crew_portraits_cm_spock_seeking_sm.png
Garth Of Izar,https://assets.datacore.app/crew_portraits_cm_garth_izar_sm.png
Christine Chapel,https://assets.datacore.app/crew_portraits_cm_chapel_christine_sm.png
Rescue Team Uhura,https://assets.datacore.app/crew_portraits_cm_uhura_rescue_sm.png
Admiral Patrick,https://assets.datacore.app/crew_portraits_cm_patrick_admiral_sm.png
Compromised Airiam,https://assets.datacore.app/crew_portraits_cm_airiam_compromised_sm.png
Sulu Of The Body,https://assets.datacore.app/crew_portraits_cm_sulu_archon_sm.png
Torpedo Surgeon McCoy,https://assets.datacore.app/crew_portraits_cm_mccoy_torpedo_sm.png
Lt. Uhura,https://assets.datacore.app/crew_portraits_cm_uhura_lt_yellow_sm.png
Brainless Spock,https://assets.datacore.app/crew_portraits_cm_spock_brainless_sm.png
Lenara Kahn,https://assets.datacore.app/crew_portraits_cm_lenara_kahn_sm.png
Scared Scotty,https://assets.datacore.app/crew_portraits_cm_scotty_scared_sm.png
Laborer Kirk,https://assets.datacore.app/crew_portraits_cm_kirk_laborer_sm.png
Talas,https://assets.datacore.app/crew_portraits_cm_talas_sm.png
EV Suit Chekov,https://assets.datacore.app/crew_portraits_cm_chekov_evsuit_sm.png
Dress Uniform Beverly Crusher,https://assets.datacore.app/crew_portraits_cm_crusher_dress_uniform_sm.png
Ishan Chaye Sisko,https://assets.datacore.app/crew_portraits_cm_sisko_ishan_chaye_sm.png
Saowin,https://assets.datacore.app/crew_portraits_cm_saowin_sm.png
Dejaren,https://assets.datacore.app/crew_portraits_cm_dejaren_sm.png
Admiral Maxwell Forrest,https://assets.datacore.app/crew_portraits_cm_forrest_admiral_sm.png
Dr. 'Bones' McCoy,https://assets.datacore.app/crew_portraits_cm_mccoy_doctor_sm.png
Arandis,https://assets.datacore.app/crew_portraits_cm_arandis_sm.png
Tourist Worf,https://assets.datacore.app/crew_portraits_cm_worf_tourist_sm.png
Captain Lucero,https://assets.datacore.app/crew_portraits_cm_lucero_captain_sm.png
Belle Q,https://assets.datacore.app/crew_portraits_cm_miss_q_civil_war_sm.png
Mycelial Culber,https://assets.datacore.app/crew_portraits_cm_culber_mycelial_sm.png
Commander Shelby,https://assets.datacore.app/crew_portraits_cm_shelby_commander_sm.png
Control Leland,https://assets.datacore.app/crew_portraits_cm_leland_control_sm.png
Twilight T'Pol,https://assets.datacore.app/crew_portraits_cm_tpol_twilight_sm.png
Leucon,https://assets.datacore.app/crew_portraits_cm_leucon_sm.png
Picard and Number One,https://assets.datacore.app/crew_portraits_cm_picard_numberone_sm.png
Doctor Paul Stubbs,https://assets.datacore.app/crew_portraits_cm_stubbs_sm.png
Annika Hansen Seven,https://assets.datacore.app/crew_portraits_cm_seven_annika_sm.png
Mission Specialist Lefler,https://assets.datacore.app/crew_portraits_cm_lefler_robin_sm.png
Mirror Burnham,https://assets.datacore.app/crew_portraits_cm_burnham_mirror_sm.png
Lt. Commander Icheb,https://assets.datacore.app/crew_portraits_cm_icheb_lt_commander_sm.png
Age of Sail Worf,https://assets.datacore.app/crew_portraits_cm_worf_ageofsail_sm.png
Age of Sail Troi,https://assets.datacore.app/crew_portraits_cm_troi_ageofsail_sm.png
Arjin,https://assets.datacore.app/crew_portraits_cm_arjin_sm.png
Tau,https://assets.datacore.app/crew_portraits_cm_tau_sm.png
North Star T'Pol,https://assets.datacore.app/crew_portraits_cm_tpol_north_star_sm.png
Riker Odan,https://assets.datacore.app/crew_portraits_cm_riker_odan_sm.png
Relaxed Number One,https://assets.datacore.app/crew_portraits_cm_number_one_relaxed_sm.png
1701 Bashir,https://assets.datacore.app/crew_portraits_cm_bashir_1701_sm.png
Claymore Scotty,https://assets.datacore.app/crew_portraits_cm_scotty_claymore_sm.png
Seamus,https://assets.datacore.app/crew_portraits_cm_seamus_sm.png
Tee Time Doctor,https://assets.datacore.app/crew_portraits_cm_emh_caddy_sm.png
Mirror Keyla Detmer,https://assets.datacore.app/crew_portraits_cm_detmer_mirror_sm.png
Logician Solok,https://assets.datacore.app/crew_portraits_cm_solok_logician_sm.png
Riva,https://assets.datacore.app/crew_portraits_cm_riva_sm.png
Niners Ezri,https://assets.datacore.app/crew_portraits_cm_ezri_niners_sm.png
Android Kirk,https://assets.datacore.app/crew_portraits_cm_kirk_android_sm.png
EV Suit Nhan,https://assets.datacore.app/crew_portraits_cm_nhan_evsuit_sm.png
Picard At El-Adrel,https://assets.datacore.app/crew_portraits_cm_picard_stranded_sm.png
Medic Jett Reno,https://assets.datacore.app/crew_portraits_cm_reno_medic_sm.png
Soji Asha,https://assets.datacore.app/crew_portraits_cm_soji_asha_sm.png
Raffi Musiker,https://assets.datacore.app/crew_portraits_cm_raffi_musiker_sm.png
Elnor,https://assets.datacore.app/crew_portraits_cm_elnor_sm.png
Human Airiam,https://assets.datacore.app/crew_portraits_cm_airiam_human_sm.png
Narek,https://assets.datacore.app/crew_portraits_cm_narek_sm.png
Fenris Ranger Seven,https://assets.datacore.app/crew_portraits_cm_seven_fenris_sm.png
Vaharâ€™ai Saru,https://assets.datacore.app/crew_portraits_cm_saru_vaharai_sm.png
Admiral Kirsten Clancy,https://assets.datacore.app/crew_portraits_cm_clancy_admiral_sm.png
Dr. Agnes Jurati,https://assets.datacore.app/crew_portraits_cm_jurati_doctor_sm.png
Executive Director Hugh,https://assets.datacore.app/crew_portraits_cm_hugh_executive_sm.png
CristÃ³bal Rios,https://assets.datacore.app/crew_portraits_cm_rios_cristobal_sm.png
Commodore Oh,https://assets.datacore.app/crew_portraits_cm_oh_commodore_sm.png
Displaced Gabrielle Burnham,https://assets.datacore.app/crew_portraits_cm_gburnham_displaced_sm.png
Delta Flyer Kim,https://assets.datacore.app/crew_portraits_cm_kim_delta_flyer_sm.png
Bridal Keiko,https://assets.datacore.app/crew_portraits_cm_keiko_bride_sm.png
Sinister Picard,https://assets.datacore.app/crew_portraits_cm_picard_sinister_sm.png
Vagrant Braxton,https://assets.datacore.app/crew_portraits_cm_braxton_vagrant_sm.png
Determined Paris,https://assets.datacore.app/crew_portraits_cm_paris_determined_sm.png
Archer And Porthos,https://assets.datacore.app/crew_portraits_cm_archer_risa_sm.png
Grebnedlog,https://assets.datacore.app/crew_portraits_cm_grebnedlog_sm.png
Kay Eaton,https://assets.datacore.app/crew_portraits_cm_kira_eaton_sm.png
Age Of Sail Picard,https://assets.datacore.app/crew_portraits_cm_picard_age_of_sail_sm.png
Linnis Paris,https://assets.datacore.app/crew_portraits_cm_linnis_sm.png
Lt. JG Martinez,https://assets.datacore.app/crew_portraits_cm_martinez_ltjg_sm.png
Suspiria,https://assets.datacore.app/crew_portraits_cm_suspiria_sm.png
Activated Dahj,https://assets.datacore.app/crew_portraits_cm_dahj_activated_sm.png
Grandmother Kes,https://assets.datacore.app/crew_portraits_cm_kes_grandmother_sm.png
Mirror Chekov,https://assets.datacore.app/crew_portraits_cm_chekov_mirror_sm.png
Kestra Troi-Riker,https://assets.datacore.app/crew_portraits_cm_kestra_wild_sm.png
Doctor Van Gogh,https://assets.datacore.app/crew_portraits_cm_emh_gogh_sm.png
Nepenthe Riker,https://assets.datacore.app/crew_portraits_cm_riker_nepenthe_sm.png
Homesteader Janeway,https://assets.datacore.app/crew_portraits_cm_janeway_homesteader_sm.png
Karyn Archer,https://assets.datacore.app/crew_portraits_cm_karyn_archer_sm.png
Krenim Guest Chakotay,https://assets.datacore.app/crew_portraits_cm_chakotay_krenim_guest_sm.png
1701 O'Brien,https://assets.datacore.app/crew_portraits_cm_obrien_1701_sm.png
Tanis,https://assets.datacore.app/crew_portraits_cm_tanis_sm.png
The Red Angel,https://assets.datacore.app/crew_portraits_cm_burnham_red_angel_sm.png
EV Suit Pike,https://assets.datacore.app/crew_portraits_cm_pike_evsuit_sm.png
Kamin Picard,https://assets.datacore.app/crew_portraits_cm_picard_kamin_sm.png
Vashti Picard,https://assets.datacore.app/crew_portraits_cm_picard_vashti_sm.png
Traveler Wesley,https://assets.datacore.app/crew_portraits_cm_wesley_traveler_sm.png
Mother L'Rell,https://assets.datacore.app/crew_portraits_cm_lrell_mother_sm.png
EV Suit Tuvok,https://assets.datacore.app/crew_portraits_cm_tuvok_ev_suit_sm.png
Young Anya,https://assets.datacore.app/crew_portraits_cm_anya_young_sm.png
Groom Worf,https://assets.datacore.app/crew_portraits_cm_worf_groom_sm.png
Dr. Edward La Forge,https://assets.datacore.app/crew_portraits_cm_elaforge_sm.png
Nepenthe Troi,https://assets.datacore.app/crew_portraits_cm_troi_nepenthe_sm.png
Edward Larkin,https://assets.datacore.app/crew_portraits_cm_larkin_sm.png
Technician Fisher,https://assets.datacore.app/crew_portraits_cm_fisher_technician_sm.png
Nanoprobe Phlox,https://assets.datacore.app/crew_portraits_cm_phlox_nanoprobe_sm.png
Fisticuffs Sisko,https://assets.datacore.app/crew_portraits_cm_sisko_fisticuffs_sm.png
EV Suit T'Pol,https://assets.datacore.app/crew_portraits_cm_tpol_ev_suit_sm.png
Alicia Travers,
EV Suit Phlox,
Humanoid Figure,